unitid,alias
166683,MIT
190415,Cornell
186131,Princeton
167358,Northeastern
166027,Harvard
110635,UC Berkeley
110635,Berkeley
215062,UPenn
215062,Penn
130794,Yale
190150,Columbia
227757,Rice
147767,Northwestern
139755,Georgia Tech
139755,GT
179867,WashU
234076,UVA
243744,Stanford
123961,USC
123961,usc
217156,Brown
144050,UChicago
145637,UIUC
191241,Fordham
182670,Dartmouth
221999,Vanderbilt
221999,Vanderbilt University
228778,UT Austin
164988,Boston University
193900,NYU
162928,JHU
211440,CMU
110653,UC Irvine
110705,UCSB
110705,UC Santa Barbara
122409,SDSU
139959,UGA
110644,UC Davis
163286,UMD
166629,UMass Amherst
152080,Notre Dame
160755,Tulane
213543,Lehigh
139658,Emory
110404,Caltech
164924,Boston College
110662,UCLA
110680,UCSD
110680,UC San Diego
243780,Purdue
186380,Rutgers
170976,UMich
170976,Umich
170976,University of Michigan
228723,Texas A&M
